,y,x,r,z,pc,std_bg
0,541,1036,3,9,0.03449238703743245,424.8544522016399
1,791,1584,9,9,0.041629893593991975,88.01750733361075
2,1029,972,9,10,0.055564634744239255,157.59967390355277
3,702,1306,3,10,0.05588796107567887,261.82778678084486
4,1047,1086,3,2,0.08760260861101198,133.49744457604172
5,703,767,9,10,0.08961887536458588,114.48742113771901
6,799,1201,9,5,0.11415152799973909,84.96578718686686
7,1171,1135,2,5,0.1195408322006976,85.18786428959363
8,1040,1086,3,4,0.14316392269148176,148.90095048573582
9,945,1004,3,3,0.14926341748328897,75.6543561020925
10,630,1318,2,3,0.16046633481791983,89.3695122635355
11,343,966,3,10,0.1814763345050274,177.11412967506448
12,473,1311,2,5,0.18479408658922913,78.46123202292681
13,1134,647,9,3,0.19009244666850802,115.63985640292402
14,422,955,9,10,0.20291278023236786,122.81781335693034
15,679,1542,2,5,0.20368622385612797,98.8874834091757
16,867,1527,3,9,0.2180232558139535,97.12874474405379
17,575,1334,9,10,0.22724633834823427,366.0104794994196
18,799,884,3,10,0.2359219667756789,120.47987816090563
19,504,913,9,2,0.2362242684279034,114.56576548827132
20,340,976,5,9,0.24302932772833263,419.1844462763379
21,1049,1094,3,10,0.2500367701132519,347.5408748941946
22,1016,1152,3,10,0.2517316836407312,118.57662050571165
23,560,729,3,10,0.27811405948368945,106.13394805883533
24,433,897,2,3,0.2781731142450511,124.68320272461189
25,758,1376,9,8,0.27940811771513596,93.57740491099624
26,990,1417,5,5,0.2889603992907336,61.91655675180913
27,447,987,2,2,0.30412838100168244,115.1916202464398
28,956,805,3,8,0.3090002452382899,101.18333710810953
29,776,934,5,8,0.3137752198865207,84.81373341033868
30,1179,1284,2,5,0.31621993013360705,126.2261459863033
31,866,1533,9,6,0.32173439588179975,123.11669850437545
32,502,1415,9,10,0.3380979479797811,83.10159328856918
33,783,1082,2,4,0.3479222214996423,105.95173822705003
34,1199,1083,9,4,0.3557435367792915,82.70898002773991
35,550,1035,2,3,0.3557767793014749,460.86470470374127
36,1137,952,9,9,0.37105142181651013,111.13555286725806
37,976,476,2,7,0.3867529006467548,105.2837353562057
38,732,642,3,9,0.400416693795169,164.5605047458904
39,483,1143,2,9,0.40521696333360674,179.49705487370352
40,771,915,2,3,0.4112427951557542,82.6263237412872
41,1199,977,3,7,0.4243650845465822,121.57770720361891
42,311,946,2,1,0.42823414475291055,82.394840385926
43,1111,996,2,7,0.4312316236524012,52.606489222655156
44,1198,566,2,5,0.4323277948056138,104.67994077185945
45,452,1446,2,10,0.44200937799364715,235.81392367123325
46,451,1410,5,10,0.4425077692203756,368.459793430708
47,1092,575,2,5,0.44264943457189015,111.08742021739255
48,1184,1270,3,5,0.4433643140989852,69.69246681353412
49,421,1228,2,10,0.446384287273088,203.08635529826552
50,1048,1485,2,5,0.4532643272733266,76.21442703903827
51,1135,907,9,9,0.45431434616457006,123.67316092436829
52,822,1583,2,2,0.4584954067698419,74.15355689378629
53,1199,641,3,5,0.46024285154719935,88.49858755935034
54,389,1009,2,8,0.4701580253362936,246.1876401582067
55,463,788,2,5,0.4820218863991662,86.43651331083024
56,1063,984,2,7,0.4823966117770183,104.91938042558624
57,1106,1484,9,9,0.48855063312173885,91.3911980458015
58,785,773,2,3,0.4896020165786029,96.67642730894755
59,798,1199,2,4,0.4908915961315785,88.35612913406491
60,512,1184,2,9,0.4916743149337879,169.01594270626924
61,834,483,2,10,0.49219197122066877,152.84482304139564
62,969,1355,2,4,0.5014584903805185,89.76380078046805
63,1121,1531,2,7,0.5025956419667361,104.24729379647651
64,1013,1051,2,9,0.5045540921302667,295.9997067378427
65,1144,1326,2,7,0.5046174142480211,241.9913874443101
66,929,781,9,8,0.513054383764679,112.53900558374318
67,349,959,2,3,0.5224014191091509,74.60775903572853
68,431,711,2,7,0.5465194055173989,72.43990564982505
69,776,717,2,10,0.5467326217130956,277.5966673471103
70,703,1087,2,3,0.5506196501372489,65.6972089505246
71,842,1199,2,4,0.5529923759039298,110.15100115548454
72,883,955,2,3,0.5573055488248122,101.60489926945233
73,880,1456,2,7,0.559357725717294,74.21926973502232
74,408,754,2,10,0.5633524411939118,166.8112706024386
75,418,1371,2,4,0.5763592750533049,81.58056685809977
76,939,1272,2,7,0.5962911997903152,89.22481554104404
77,382,847,2,5,0.6057645334636053,72.22587063434325
78,851,539,2,5,0.6078485403530385,57.565662990671406
79,1199,1009,5,10,0.6122045948258837,228.88464100696862
80,1126,1307,3,3,0.6146634103165107,102.31606124596904
81,759,1563,2,7,0.6176826138076076,69.698943380322
82,1116,1548,2,4,0.6193740193244694,79.02319235867124
83,588,999,2,2,0.6197676682458304,120.11035868687135
84,1143,582,2,5,0.6233216697859875,77.74888352181586
85,602,1474,3,1,0.6270567625534145,196.26496758209296
86,513,839,2,1,0.6338277404201924,88.61276557145828
87,1014,1061,2,4,0.6360515998893823,81.65880064158561
88,978,1640,2,10,0.6367303397006367,155.371932793539
89,1075,1346,2,5,0.6487640633982097,81.09741013469885
90,697,1362,2,2,0.6497031103508397,69.91582240253075
91,660,1527,2,4,0.6570041929413318,105.9229197603406
92,422,779,2,3,0.658903349969012,72.93231974844136
93,1014,568,2,3,0.6621656712542197,63.14857920456767
94,513,1326,2,10,0.6633059166887768,246.6120963003775
95,926,1054,2,5,0.6643169230269462,112.43423231926396
96,1113,1052,2,7,0.6731317741015402,86.11401316794434
97,621,1160,2,9,0.67730455745609,280.88906160716823
98,886,1614,9,2,0.6869674351013938,279.0010173965918
99,614,1057,2,2,0.6870665034679723,61.12828041640519
100,1106,897,2,5,0.6931049138522902,91.18364215813175
101,847,1580,2,3,0.6935728912081379,83.71724069084509
102,659,1083,1,4,0.6975723182490772,84.03702887550358
103,372,948,2,9,0.6999853149933918,198.87452423296676
104,902,888,2,3,0.7012348892829833,112.67097347537603
105,788,1006,2,7,0.7021063189568706,125.07374907762753
106,1083,1547,2,10,0.704506181044796,133.0164985589716
107,708,659,2,8,0.7053787153999579,156.1238601951099
108,828,500,2,9,0.7075586785731713,155.3387371645878
109,408,952,2,2,0.7129053735851508,141.22381763239042
110,315,1156,1,8,0.7144274657670172,298.19972566870155
111,1012,1422,9,9,0.7160457078599659,89.67294828609678
112,847,766,2,4,0.7194244604316546,82.8809282277225
113,1140,1330,2,4,0.7211775940988573,247.91088228546073
114,775,737,2,10,0.7240024674523554,235.4244246509317
115,1192,1392,2,5,0.7240866258885766,83.0105310420846
116,955,1242,2,5,0.7252664494687382,105.94710911844436
117,1122,1263,2,7,0.7268232385661311,59.95575625687106
118,1002,1407,3,9,0.7270323859881032,343.6072127686884
119,546,1492,1,4,0.7296601013878501,92.7451705840615
120,1055,698,2,7,0.7304009089433533,114.12334944650411
121,790,487,2,3,0.7309917824205391,62.465101367794865
122,579,1148,2,10,0.7330873308733087,334.25687685105635
123,333,1158,5,10,0.7337717191459758,244.0000499487654
124,1125,548,5,2,0.7358692355579677,462.79917620929274
125,802,822,2,5,0.7368540381220748,93.46849402338736
126,1175,994,2,9,0.7385766806722689,258.9170823942591
127,438,801,2,4,0.7390525801725542,68.8335351086631
128,963,976,2,5,0.7396113796347358,74.21925803919686
129,845,1452,2,2,0.7435433459450568,82.31895117299675
130,564,1343,2,9,0.7463057040260793,204.79253984215342
131,620,987,2,5,0.74672900230512,94.78197752678982
132,671,1158,2,4,0.7468879668049793,94.66255859631093
133,746,947,2,4,0.7558627818334518,76.9792540594903
134,1027,1540,2,5,0.7569386038687973,90.80576798860301
135,1054,628,9,5,0.7643767889669529,86.70911976613121
136,1034,1178,2,5,0.7652060170045781,99.09317129460648
137,414,955,2,2,0.7667814672818247,106.2197669404753
138,681,1301,2,9,0.7670529365288385,283.01859663574527
139,1024,1171,2,7,0.7707697858243957,58.79730660403493
140,458,1153,2,3,0.7710238479469249,115.29183230924134
141,1066,908,2,4,0.7806885738550989,78.33789880312649
142,1145,1516,2,7,0.7833242632629166,120.38860688066237
143,950,773,2,7,0.7862248213125406,82.15394593890991
144,517,610,2,9,0.7869120654396728,176.14654173916293
145,451,947,2,3,0.7910701286095608,99.80842761121038
146,971,532,2,7,0.7930059475446066,79.85089185823509
147,799,1438,2,5,0.7980517664094252,108.66800069477675
148,917,1068,2,4,0.8003643935450286,78.2551804284476
149,947,481,2,5,0.801684346910681,115.50540361337598
150,695,1300,2,9,0.8109219508183239,426.43834222806726
151,940,1032,2,1,0.8184897648260101,74.9234678966922
152,942,1573,2,2,0.8210668913449307,60.310769261292705
153,1126,1251,2,7,0.8212234418972072,105.61288556432035
154,486,1471,2,5,0.8233482830176049,79.7480298433064
155,882,1099,2,7,0.823648142722271,64.27273430468009
156,414,968,2,3,0.8280327308812285,96.71470609478168
157,981,934,2,5,0.8346213292117465,75.54519434675437
158,777,526,2,1,0.8359879048558446,92.6309789643232
159,418,1251,2,9,0.8375487187992371,327.99231179590504
160,858,1583,2,4,0.8394456678311837,96.0514908207514
161,1049,760,2,3,0.844367372737144,77.40922102695518
162,1135,1591,1,9,0.8448833928126815,212.55596893654987
163,707,901,2,2,0.8479221072315182,90.5765387669456
164,1137,987,2,7,0.8490689745607134,114.75770822573195
165,948,1241,2,7,0.8494031221303948,92.30215327932497
166,1156,1450,2,7,0.8503260959299925,72.03254472806024
167,1146,878,2,5,0.8505150431787387,86.88018569654803
168,610,1413,2,3,0.8560851457658492,109.01082228384483
169,1154,1348,2,9,0.8583833228382991,342.7767332957254
170,863,1260,1,7,0.8673126424343777,131.12000837866898
171,643,559,2,10,0.8706427104053217,341.9009257892636
172,922,1293,2,7,0.8744534665833854,81.02416263409054
173,1126,572,2,5,0.8786719408598664,112.59680248815042
174,834,1509,3,2,0.8843738698753987,103.97676022393978
175,1172,1237,2,7,0.8876080691642652,68.11743077215992
176,1032,702,2,7,0.8879492600422833,93.14803033642501
177,840,1590,2,7,0.8906802010250287,60.160188363143355
178,1042,1264,2,4,0.8964339659814803,101.75145883475086
179,574,1549,2,7,0.8991575610976729,241.06660775603078
180,1045,697,2,7,0.9028612256828294,66.83965836653832
181,757,1339,2,5,0.9049253559756277,93.98284972092868
182,944,1434,2,5,0.9058866159370161,90.99217762472162
183,921,1286,2,7,0.9062848886845735,117.68681956786834
184,1058,1584,2,5,0.9109211525132843,67.69308802726219
185,577,1522,2,3,0.9347659758491068,103.23759005323593
186,985,1164,2,3,0.9355865784962037,74.37404294435586
187,439,819,2,2,0.9358245329000813,128.74811217601945
188,1145,1477,2,5,0.9360246097155736,80.91400613545773
189,779,623,2,3,0.937368233271707,92.66718187806416
190,942,1072,2,7,0.937952110798641,115.56488677602533
191,1096,1350,2,7,0.938265113298388,80.38600451709378
192,917,656,5,8,0.9384030912101828,106.38490259430613
193,547,698,2,5,0.9384775808133472,93.0527031071938
194,621,1311,2,5,0.9390209927729798,83.62630791204404
195,823,1250,2,7,0.9402030838661151,112.03037782474696
196,1191,1218,2,3,0.9453160900676164,70.30438533421811
197,1000,468,1,7,0.9454072085265641,82.73766272583082
198,313,1200,1,8,0.948464548650262,196.30396904772172
199,983,1143,2,8,0.9488536733255765,118.3954575775608
200,418,1344,3,3,0.950958426686582,100.7295264557518
201,1119,1325,2,3,0.9527251223758993,77.90712954109742
202,715,889,2,5,0.9548120264310064,100.14541510556869
203,644,577,2,2,0.9621926329089319,63.58699203104008
204,848,1488,3,1,0.9652098389131967,77.02646550951751
205,531,1367,2,5,0.9661596393004013,113.96471645742916
206,1098,1397,2,4,0.9662873094266695,98.78202715519099
207,647,541,2,7,0.96676540477198,92.5368920425194
208,1016,882,2,7,0.9671938308717815,79.83381175917883
209,744,1622,2,7,0.9697737194654581,88.23910068041769
210,612,562,2,10,0.970491157199862,224.1619539467441
211,1154,1081,9,9,0.9713835652402205,76.73746605138624
212,926,677,3,9,0.9739730935861103,245.6036214897673
213,966,933,2,7,0.9783845278725825,105.86833410735557
214,1059,1320,2,5,0.9785701363419568,86.50159560185388
215,1025,1331,2,4,0.9791036929951373,100.81501210963904
216,1156,1241,2,7,0.9805698841444321,85.37938210650677
217,1123,1334,2,7,0.9823764624574222,103.06974950919833
218,1021,980,2,5,0.9831689292574145,63.41134176067313
219,603,1572,1,7,0.9858451290591174,108.21185496772317
220,733,1101,2,4,0.9900990099009901,126.2534859254719
221,972,766,2,3,0.9974739296586567,100.49129315517837
222,740,1363,2,5,0.9982867685819715,68.36329373688453
223,1164,1426,3,6,0.9997690302570363,78.86944204753124
224,499,1195,1,4,1.0003269042170644,96.06810915814998
225,1057,1469,2,7,1.0087025316455696,94.72236477669298
226,1095,1369,2,9,1.0120051592419883,118.59522076748661
227,472,1335,1,8,1.018309672283402,308.1253803243089
228,717,1331,2,7,1.0221717446052048,84.06788758034915
229,950,493,2,5,1.0275754422476586,93.91559449254893
230,1196,1379,2,8,1.0332569188345129,82.6344758392175
231,442,674,2,10,1.0380849461309232,197.84546087512064
232,550,1006,9,2,1.0414301008986795,115.56653844041001
233,1046,917,2,7,1.0419894007337953,87.39174851399491
234,521,1438,2,4,1.0442780535586804,67.12033141223968
235,1106,1348,2,4,1.0443907172579399,68.88989554596039
236,1188,1307,2,2,1.048363168826031,90.4329766395472
237,1064,1049,2,10,1.0501177702172206,234.0615978694972
238,834,1282,9,10,1.0550609957138146,93.7228438035108
239,841,1132,2,7,1.0569171891539777,99.74905144355454
240,968,856,2,5,1.0573304442742868,96.40881558354621
241,445,1299,2,5,1.0577034140224082,95.90402284170472
242,520,1445,2,5,1.0593996735183395,100.59178195668979
243,893,1437,2,9,1.0603387147309575,188.1327794626267
244,1047,1271,2,7,1.0636723823302152,88.17665940536016
245,726,1620,2,7,1.0681375081235107,106.07190138716705
246,959,637,2,4,1.068306895435416,118.76865350569382
247,884,1598,3,2,1.0767604703395428,81.98592994126085
248,556,1397,2,3,1.0798921761563776,103.58811835287331
249,690,1408,2,3,1.0815995766215725,92.83452086314061
250,500,1495,2,7,1.0816060007366977,112.14994148460354
251,1094,1542,9,10,1.0832004253056884,120.70493817058782
252,712,1025,2,6,1.0833495998438416,85.99899062715147
253,872,1226,2,3,1.0847191818864965,69.06306246628672
254,1085,1153,2,5,1.0853220006538085,100.3967130936068
255,660,791,2,7,1.0880316518298714,81.62958341734256
256,763,851,2,2,1.0934538562472664,104.68600537904874
257,949,478,2,9,1.0955330942288881,105.80149619557476
258,847,1175,2,5,1.0967425110492717,70.70261222189743
259,500,1487,2,7,1.1027686532144534,88.2423174968916
260,533,666,2,5,1.103702375324019,111.88299940364288
261,1000,542,2,5,1.104522351101264,74.48740339070015
262,623,1024,2,3,1.1069149628857924,62.16508878694608
263,795,1187,2,5,1.1101315832435432,77.75812747802566
264,706,553,2,5,1.111543197874133,64.96788736667438
265,536,1284,2,2,1.1134980895062234,84.79087837471407
266,404,991,2,9,1.1173001310615989,216.9343178565551
267,594,1408,2,7,1.1181896608932245,82.64119861384715
268,721,1065,2,3,1.1214010188636252,78.73107135827775
269,729,983,2,5,1.1261808695088555,104.30876141692669
270,734,1084,2,5,1.1302660121018382,95.19934312039949
271,503,907,2,7,1.1315645249685677,103.36021155809102
272,1163,1399,2,7,1.1317770712179371,66.32809862092134
273,574,1493,2,5,1.1335075483946138,112.94485349300143
274,1152,1361,2,4,1.1382917387365126,143.47355060157332
275,923,691,2,5,1.1388488392813751,97.44135522627614
276,634,1098,2,4,1.1441050881710617,79.23589078750166
277,1087,703,2,5,1.1474740879784542,90.14108347782134
278,649,1348,2,5,1.1475680131904369,94.99180337446666
279,697,1073,2,5,1.1497247825945347,75.66166466580022
280,993,1430,2,5,1.1503711140002961,107.42768077745242
281,876,1442,2,7,1.151770435698302,78.38632959047558
282,790,588,2,7,1.1547795494893887,89.9731441412751
283,517,1243,2,5,1.1548857400278483,98.8825060362044
284,1038,1278,2,3,1.1553104896941053,71.17572883364103
285,692,674,2,3,1.155443512548278,100.36245943523349
286,801,1586,2,5,1.1597938144329898,84.27450805749822
287,535,723,2,5,1.164736269270131,86.27208855643225
288,519,881,2,3,1.1669774320066868,62.86657774383956
289,730,1025,2,4,1.1685546652797867,66.62570356101315
290,401,1166,2,4,1.1688439249582556,125.95534923138437
291,630,541,2,5,1.1700176882008342,76.13008558090262
292,861,1501,2,7,1.1702267932489452,65.13191741893269
293,635,978,1,5,1.1729635150022681,263.17302280164574
294,1075,929,2,7,1.1739244491080798,68.75821920565812
295,1080,1607,2,9,1.1764315462856954,277.8780083058031
296,997,940,2,3,1.181726940136627,77.36812256277703
297,1045,1104,3,2,1.1817742714538721,348.5626737044573
298,1026,1429,2,5,1.184065345915057,73.83651940078312
299,1166,919,3,3,1.1863908226296696,87.93021222664154
300,1050,1516,3,10,1.186584131304247,134.58493291103082
301,816,1263,2,7,1.1881934542832326,98.96786796172225
302,806,1237,2,5,1.188216039279869,87.40264425188876
303,812,1433,3,4,1.1912369529240197,117.21667229489536
304,1066,1404,9,9,1.1936493220535405,115.92346280367518
305,1044,1186,2,4,1.1960546580594422,76.21705800249414
306,528,950,2,5,1.1965647013413103,103.38351436117205
307,1044,1051,2,4,1.1985493812102583,90.18511055970751
308,564,826,2,7,1.201361004950575,127.88598980689358
309,808,492,2,4,1.202746351994027,69.77731195660154
310,563,1314,2,5,1.2060301507537687,397.9336209302585
311,874,1232,2,7,1.206079424742605,73.39759258464969
312,862,1559,1,7,1.2086545635414077,108.3845311712987
313,417,863,2,5,1.212485188852278,74.28193290131561
314,518,1420,2,5,1.2126943048159393,68.06643762204362
315,497,969,2,9,1.2139851084493363,278.83721542924167
316,606,532,1,9,1.2180387290598569,476.59451486271035
317,375,1009,2,7,1.219472324843888,129.95455936595684
318,719,1624,1,5,1.2232009306963603,86.07211930829996
319,800,806,2,5,1.2330895203573047,65.71334001217375
320,599,926,2,5,1.2352049537201277,101.03422653019894
321,1103,1340,2,7,1.2380139235518193,96.88587752551395
322,970,638,2,8,1.2420340746521004,182.9383434384383
323,884,1225,2,7,1.2448675794605029,70.37025097455758
324,866,479,2,7,1.2467362924281984,99.19816551563171
325,559,1199,3,7,1.248266296809986,206.3071090968241
326,718,1462,9,6,1.2592371673791298,218.4045614659543
327,748,1496,2,5,1.2612375275792802,91.61752470643012
328,436,1168,2,3,1.2626758259731763,102.78564534451729
329,762,1042,2,4,1.2652875357793392,143.85039972137722
330,1008,1185,2,7,1.2687692610320636,80.47203404841267
331,756,1116,2,7,1.2700741827667728,72.16916854785629
332,790,964,2,4,1.2718035015048057,89.9555349263673
333,818,1008,2,4,1.2743603878206167,87.41388619664498
334,628,1111,2,7,1.2745289784210183,82.08421107821731
335,656,886,2,7,1.2758938533934896,77.44496253612769
336,786,1229,1,4,1.2762212116766907,101.84339148363476
337,1192,1197,2,8,1.2764550264550265,118.62176555712232
338,669,838,1,4,1.277779574936111,98.30097454869012
339,1012,1123,2,10,1.278301731786665,412.26718808922936
340,754,482,2,10,1.2867827166138672,379.25126345647595
341,962,1606,2,5,1.2913052115753925,68.88935371706978
342,668,832,2,7,1.2923495497829889,89.02153297564209
343,923,1174,2,7,1.2929767851895386,112.24785787364597
344,569,1224,1,4,1.2932094212519054,108.55758040730684
345,810,1457,2,7,1.2965617225983954,84.88996145337536
346,940,636,3,3,1.3040383121925965,133.2818650663156
347,833,899,2,5,1.3072424797110136,221.12433656705954
348,1123,1603,1,2,1.3097987462883536,157.56506041597194
349,1038,1330,2,7,1.3113673805601318,59.76249288270658
350,746,1165,2,5,1.3152326073509784,82.0477080050923
351,724,769,2,5,1.315938557161587,79.14504090592158
352,723,509,2,5,1.3311229216441562,57.64003178251109
353,347,1229,2,4,1.3323194921978312,80.2930396872744
354,1162,1224,2,7,1.334563548291429,117.27611649436555
355,1120,1426,2,7,1.3358021425737336,85.89172770930206
356,1193,1320,2,7,1.3359722909450766,94.64178626977268
357,438,1125,2,5,1.3415251883200705,75.53998894993006
358,568,554,1,3,1.346241606362866,96.93636945038855
359,948,1581,2,7,1.3463162601222118,74.79387183378655
360,489,1079,9,8,1.3480974299333321,114.70819711821431
361,876,1119,2,7,1.3491000555319634,79.65075677955329
362,1030,676,2,4,1.3520980271069654,101.47259482244455
363,1002,1554,2,7,1.3527402937568382,98.61326679959897
364,1059,591,2,7,1.362700565341002,92.71382942510068
365,1077,1226,2,5,1.363576766749705,72.44092420724628
366,318,923,2,3,1.3643567915556936,98.3939696520518
367,574,691,2,4,1.3647884577890428,117.17934230865477
368,550,806,2,3,1.372292906326093,107.06098988686567
369,930,658,2,2,1.375315513558993,112.42367781447703
370,1022,1302,2,5,1.3805994621892832,87.3508152827182
371,688,741,2,1,1.3822057161311159,113.52492995911614
372,1184,1493,2,5,1.3843917266900152,149.37143766091592
373,704,793,2,7,1.3921451323427168,107.8026424640056
374,780,1055,2,7,1.3924401087894729,116.01712038411495
375,914,1586,2,7,1.3929788571617643,83.94516025689363
376,908,1458,2,3,1.3976251868153524,81.73938089372153
377,596,646,2,10,1.3984069609590946,183.51218548701942
378,636,688,2,2,1.3985222550969265,100.40721774354671
379,704,589,2,4,1.4017027613220678,75.09826895475021
380,543,922,2,2,1.4043723758505864,106.47404482887941
381,1156,1249,2,5,1.4066454136129096,93.26630777867571
382,532,1442,2,4,1.4122885720931777,90.10210257751419
383,492,988,2,5,1.4220153836209684,61.60469859425407
384,1104,1004,2,7,1.4245014245014245,110.56446083620179
385,642,1021,2,5,1.4246218897381688,117.48031011147737
386,583,1158,2,5,1.4262455226310649,105.16962984467838
387,1152,1535,1,7,1.4287366004327502,170.1638864856139
388,524,1481,2,7,1.4291684078562474,100.80935493130916
389,668,1167,1,5,1.4322150284481068,61.87195559289272
390,898,1159,2,5,1.4395769406541752,75.71694364906415
391,695,524,2,7,1.440978434115083,91.72209498443291
392,678,1049,2,1,1.441156833688873,70.73069770066051
393,1180,628,2,7,1.4417805416905327,101.46283357575926
394,462,762,2,5,1.4426058291719703,86.35424457173808
395,488,723,2,5,1.444402735388683,72.87716787322502
396,1108,1064,2,7,1.4451667562767812,97.86043598183873
397,642,517,1,5,1.447808699910226,87.70923396212181
398,409,719,2,7,1.450839916907928,79.87897747008701
399,1129,1449,2,7,1.4532963403355794,138.03259855515614
400,764,936,2,7,1.4568462037637897,99.74759813315474
401,667,1595,2,4,1.458423308195741,87.86716615943006
402,830,1197,2,5,1.4678479191866358,95.42055123097026
403,835,1540,2,5,1.4697159427931195,109.84104677011939
404,744,1573,2,7,1.4699051031919836,90.96927900243148
405,1080,972,3,6,1.4699637408943913,166.53360834478227
406,1195,988,2,7,1.4702992992337416,124.61785335576921
407,626,1438,2,7,1.4726856612159607,79.37926497728064
408,922,1098,2,7,1.4739931518017284,58.05946125883934
409,497,841,2,3,1.4744593918056879,87.03730841171247
410,597,747,1,7,1.4773372253304142,217.9160771183867
411,522,748,2,3,1.477928623689131,79.4874094677194
412,1006,946,2,7,1.47833031799586,86.2808720916107
413,988,1085,2,5,1.4890282131661443,71.91747537204631
414,768,1217,2,7,1.4902934832341983,107.20319977345203
415,1122,1111,2,7,1.4910260807081148,86.71132663422159
416,900,1098,2,4,1.4938030006523157,93.04400840462539
417,1103,574,2,4,1.4984982547284682,71.5832363212381
418,1175,966,2,5,1.5053341187250475,91.80500924362582
419,928,1085,2,4,1.5060142777976986,101.06708443185425
420,1169,933,2,4,1.5062213490504257,106.2869461907508
421,962,682,2,7,1.5095442150370082,75.90962279799139
422,802,1053,2,3,1.5120754900846178,119.49144989170658
423,962,1322,2,5,1.512461366475965,64.0734712827565
424,1116,834,2,7,1.519102881731647,95.45821511705178
425,773,753,2,7,1.5249133939845243,99.03337505608904
426,535,1370,2,5,1.5268184672328895,109.67182738617163
427,798,1141,2,4,1.5287930837987007,107.44064899075933
428,542,1239,2,7,1.531081613878302,108.45985400393805
429,704,1067,2,7,1.5320356985528054,61.80929451861499
430,960,1080,2,5,1.533637120878044,97.55040541803105
431,1025,1612,2,7,1.534961172571843,98.13524362667403
432,618,1110,2,5,1.5356997144022848,83.61742201173682
433,516,744,2,4,1.5383109574068938,91.65324712378353
434,1066,487,1,7,1.5447048042937557,80.5308774459972
435,602,780,2,4,1.5533980582524272,98.83613507833167
436,898,992,2,7,1.5545897022675847,115.32984098758752
437,879,672,2,5,1.5558790231279314,100.61432828158996
438,514,1329,2,8,1.5599180382047724,167.30758018956848
439,520,1470,2,7,1.5650658534133182,79.47561427185629
440,587,1083,2,7,1.5784464936173006,64.54692522154372
441,1096,893,2,4,1.579007527636714,69.78896760950114
442,772,1162,2,7,1.580290537887711,75.59751566685244
443,777,1358,2,5,1.5878228600515591,96.6532677495524
444,651,1013,2,4,1.5922380420169429,84.75502893961841
445,585,1010,2,3,1.5925744992672204,89.85957408955127
446,389,998,1,5,1.5948311114746054,94.3499322852021
447,960,1104,2,7,1.5964313142371607,94.35556275187076
448,952,996,2,7,1.5992689056431346,78.1163661895935
449,1147,1182,2,7,1.6024850845619052,96.55640263021861
450,542,1515,2,5,1.602868818280377,84.94851381866548
451,776,616,2,5,1.6035649232370544,120.0925568976788
452,1095,593,2,5,1.604312808521694,99.10011772613257
453,903,1332,2,7,1.6079280698300191,69.72087205421343
454,1161,633,2,7,1.609082741158213,93.6882759770696
455,1108,1162,2,5,1.609654652933567,74.86542324212307
456,412,1323,2,7,1.610949813355454,100.59061696909022
457,707,1612,2,9,1.6129570879946569,248.2782342397783
458,1169,1559,2,7,1.6209600052929307,103.11057138119037
459,1110,1487,2,5,1.6218360970125811,84.6748273626164
460,1006,889,2,3,1.6235718580877931,79.93278426277918
461,1023,922,2,5,1.624167614097775,145.01249347517918
462,524,1508,2,5,1.6249142359890891,110.53493665905916
463,832,1149,2,5,1.6268785797039962,74.33015688280378
464,843,956,2,4,1.6276687425811802,116.9334746768435
465,572,1414,2,5,1.6281887437552904,96.40063969358987
466,1170,792,2,3,1.6340028998256846,73.67892054945793
467,495,794,2,4,1.6358890384085345,55.66117737406088
468,736,1073,2,5,1.6375260960334028,91.14227850210655
469,929,956,2,4,1.6394505975643374,112.54584713943618
470,1024,1150,2,7,1.641281512605042,84.55840149795222
471,770,845,2,5,1.6414141414141414,97.78760110850227
472,551,1201,3,6,1.6432996413433323,115.10972271658414
473,998,1108,2,5,1.6457269990838896,79.4464791891721
474,485,1307,2,7,1.6471055637405023,81.8990634697505
475,858,1278,2,7,1.6488750205288225,101.11530821569777
476,1184,580,2,7,1.650337754951831,73.1708427054262
477,487,821,2,4,1.655988970886384,100.17567035241419
478,532,1182,2,4,1.6569184900373093,102.37336350611695
479,642,1345,2,5,1.6606355028999158,102.82197904631091
480,436,921,2,5,1.6633227622807585,89.03720157265103
481,1134,629,2,4,1.6643030629044615,98.71802400721404
482,609,1065,2,4,1.6703640871721257,100.13737092392408
483,751,808,2,3,1.677026677026677,126.03138387807309
484,1195,1461,2,8,1.677273932643861,64.53681120105021
485,658,1075,2,3,1.6777049126975088,89.51861034009755
486,671,767,2,7,1.6795928653886802,84.88505299652125
487,870,617,2,7,1.6810274752072834,66.98071861861939
488,799,1025,2,7,1.6814648583601652,73.54532568801062
489,638,949,2,4,1.6825141015310234,89.51930851622024
490,656,1410,2,7,1.6828522016762006,78.01277495100116
491,742,769,2,5,1.6837529198027512,105.58033243564931
492,923,905,2,5,1.6879012023852196,103.59193950571424
493,1190,792,2,7,1.6881502322842374,100.9874081122108
494,1110,1008,2,7,1.6889733466572743,79.34834416811873
495,943,1325,2,5,1.6898543115894475,97.87044121637997
496,1091,738,2,7,1.6910569105691058,91.318087231148
497,921,1240,2,7,1.6923606218974754,94.38363647017069
498,914,951,2,4,1.6927696177878764,102.46522953611576
499,477,827,2,4,1.6928265663510182,89.69964348684262
500,1040,664,2,5,1.6934278099200415,88.00993275698426
501,1199,1004,3,3,1.696781296548151,326.5786398781944
502,809,956,2,4,1.7017828200972447,111.60831808905046
503,882,699,2,5,1.7033906507081331,78.89902125854005
504,352,859,2,9,1.7039298729439574,232.74851935917633
505,882,1510,2,5,1.7061252694098485,69.33161806772497
506,1016,1326,2,4,1.7078673891203742,82.75297913402004
507,850,656,2,5,1.708180430617348,78.09302679070221
508,696,762,2,5,1.7096925794480367,91.1210180504781
509,745,653,2,7,1.7111900475240458,95.99131000888686
510,984,656,2,5,1.7190721231108874,109.06674816622872
511,556,778,2,4,1.7196152725153016,93.41082162802243
512,1129,714,2,7,1.7200696489886251,85.49963450214275
513,379,863,2,5,1.7202692595362752,81.13051042747249
514,632,797,2,5,1.7236370678803137,72.2642599345547
515,961,822,2,4,1.7237724033333877,98.12534501000918
516,485,1160,2,3,1.7239973251129488,75.46327979369981
517,572,1307,2,7,1.726585454425407,228.9135534007446
518,790,1477,2,7,1.7393595994202136,73.04964065620035
519,508,922,2,7,1.741317596981716,74.93256227361299
520,389,1289,3,7,1.7446195138923406,205.21978394448772
521,795,1513,2,5,1.7460631218290834,85.39089041968509
522,536,624,2,3,1.7479899742846912,99.32311713403995
523,922,680,2,4,1.7489728641257571,72.27316045547076
524,1157,1578,2,7,1.752703462416085,57.00925850732981
525,468,1279,2,4,1.7572227630471728,62.498444425085935
526,1111,1520,2,7,1.757631822386679,95.7030908446651
527,1004,992,2,7,1.7599270631522395,94.40955952950715
528,645,1551,2,7,1.76400239186765,98.14515893421449
529,577,1388,3,4,1.764696171814385,144.72953702989895
530,1099,1213,2,7,1.7658236142052155,118.68653274721422
531,612,994,2,3,1.7663263652568466,87.95165180686236
532,685,671,2,4,1.7725449605382326,67.19735392855883
533,1013,1147,2,5,1.7771389369834374,78.63982592950103
534,1124,922,2,7,1.786857002215112,65.48535406655616
535,746,972,2,2,1.790620252755422,73.38784668912604
536,1024,569,2,7,1.7948634272101296,73.35056615702128
537,799,1457,2,5,1.795915687175783,71.68448179735664
538,707,1392,2,7,1.7967833115691687,97.87403327179733
539,936,1279,2,5,1.7981952420016407,88.39129387747039
540,1160,980,2,5,1.8027883562427471,119.44785444098841
541,760,866,2,5,1.8031908850404947,84.3835386625983
542,602,1538,2,7,1.8049097545122743,81.82090027750992
543,471,1245,2,5,1.8072884089936465,94.81996830250941
544,889,1336,2,5,1.8082945685645024,83.27505253675918
545,320,987,2,4,1.8131147540983608,121.85430736015131
546,664,1548,2,5,1.8206517237380515,85.89042397471067
547,920,1268,2,7,1.8212844157122698,84.04635584340082
548,883,1045,2,5,1.822529567633943,165.01035321053848
549,568,603,2,4,1.8304776148519035,103.37632674145253
550,943,1616,2,7,1.831477590457125,82.05476448689619
551,462,990,2,5,1.8329609119466304,95.1312598319933
552,670,1375,2,7,1.833264205723766,123.39468490939505
553,528,591,2,3,1.8339957000456055,86.80700776563043
554,507,1238,2,5,1.8425405768380365,134.69950481431704
555,1103,871,2,4,1.8436254169717678,80.37143589816803
556,464,1402,2,3,1.84514112836198,90.45452356479102
557,843,1011,2,5,1.8451859778837112,104.80993876483703
558,661,745,2,5,1.8532342345266302,70.37803427443347
559,940,1019,2,7,1.8542012296281838,59.10147523539493
560,1026,1601,2,7,1.8550915992738075,117.93688725331019
561,707,519,2,5,1.8567467202879984,111.06338905728066
562,1069,871,3,4,1.8665112589642725,210.19838099994968
563,1175,1114,2,7,1.8675665934930048,90.18418652956848
564,1004,915,2,7,1.868960909876,74.32911750003045
565,624,846,2,2,1.87471717628806,67.91476224323807
566,784,1165,2,4,1.876885446392173,97.33810454915496
567,636,1345,2,4,1.8857963076009305,65.25642529028592
568,370,1004,2,3,1.8862334584238594,156.44913421691479
569,443,780,2,5,1.8880845235765995,82.63195465772037
570,1096,845,2,7,1.8895537921165604,90.66190819314482
571,796,1268,2,5,1.8913612565445026,82.84356073682224
572,1050,481,1,5,1.8918962960548829,94.76447412166416
573,1094,1130,2,7,1.8948264849904195,89.2701794025057
574,874,1650,1,7,1.8981350781340818,101.56306196425724
575,512,1436,2,7,1.9030018480595374,76.12923040608135
576,1102,1237,2,5,1.9041365725541695,87.0777809234684
577,1066,1353,2,7,1.90621864771961,84.04463100043928
578,604,759,2,7,1.9100231665235634,92.52113121996629
579,919,1197,2,7,1.9123088509774386,89.92210170475332
580,730,720,2,7,1.9140929146119907,81.08393285150065
581,734,482,1,9,1.9192760654023946,238.74544789144966
582,796,722,2,7,1.9228592221233929,106.56948698176019
583,458,891,1,5,1.9252182613326447,210.3288430582506
584,1079,781,2,5,1.9260363176907003,79.60133958602009
585,837,1075,2,7,1.9291191170006674,87.57630601367016
586,882,969,2,7,1.9305019305019304,77.84118447197473
587,870,1620,2,7,1.9314765914337435,92.41798165580838
588,1140,1445,2,7,1.9320232438786153,71.01584330274477
589,419,1322,2,7,1.9348624005580375,72.931748440275
590,610,1367,2,5,1.9393139841688654,96.88265202753736
591,725,1137,2,7,1.9431256424061476,113.49495216381504
592,423,686,1,7,1.944027659990867,98.97305153705
593,866,942,2,7,1.948684637869438,125.74609972966248
594,1136,1101,2,5,1.950261780104712,92.16695863425726
595,673,1128,2,7,1.9511876794570608,112.31908292400223
596,352,1074,2,3,1.9520575963347786,110.76601182221918
597,1022,665,2,5,1.9525801952580195,106.12504907733455
598,679,532,2,7,1.9535065442469233,97.70788912478982
599,1199,1503,2,7,1.9535068679270293,201.953301043754
600,990,569,2,7,1.958487865183161,89.39121841968345
601,759,925,2,5,1.959642053821383,91.17013247525504
602,412,1243,2,5,1.959746638662411,100.38902627888281
603,911,1118,3,5,1.9653857436198299,252.24552633407706
604,1104,1307,2,7,1.9712377003323789,95.63250696749975
605,635,704,2,5,1.9729707857894312,82.7302238033692
606,370,1268,2,5,1.9760091583296002,65.41449040966043
607,946,978,2,7,1.9763103442657672,72.24490562585633
608,500,1080,2,5,1.979596195232541,80.19913367154702
609,894,1022,2,7,1.9845591223080048,92.625955910497
610,1070,1071,2,7,1.98922097011269,123.711968061569
611,653,567,2,5,1.9929241455418871,82.91494973096762
612,960,1517,2,7,1.9961237099739924,89.05273094570929
613,836,653,2,5,1.998930013131657,68.04757322801616
614,433,1152,2,5,1.9997385962619265,121.31105994050539
615,939,1355,2,7,2.001314492277358,119.7357913166411
616,748,1509,2,5,2.0058062813407234,217.35817534403645
617,681,733,2,7,2.0071603298287677,77.27399842982976
618,802,842,2,2,2.0095538822767387,106.81058000029772
619,784,763,2,4,2.0122089079810084,88.81988641189665
620,1128,786,2,7,2.0195778724511366,114.49926461432938
621,972,1596,2,7,2.022896336917444,90.97294316932309
622,669,1522,2,7,2.025429473719019,54.796340104872776
623,801,931,2,5,2.0310904345852716,86.40356699169827
624,617,1341,2,4,2.031751254421321,82.16430016876078
625,504,856,2,3,2.033259816153388,106.03232604572375
626,451,655,1,4,2.038955116930493,113.47502631514223
627,640,846,2,5,2.0391662219634856,78.24161296905886
628,1074,843,2,7,2.0405506557750512,101.56339529519919
629,808,876,2,4,2.047397996579526,87.16363920810099
630,668,920,2,7,2.048284460564452,74.31628167650896
631,1024,1460,2,7,2.0487291964447074,91.04104690864567
632,927,1334,2,7,2.049052579771963,79.89767761887005
633,610,639,2,4,2.0530520311765756,104.75029004202752
634,552,681,2,5,2.0533411680214146,69.37457457327015
635,978,1031,2,7,2.058335772119793,89.83772987076941
636,496,652,2,3,2.061670557124435,156.83853604547858
637,1071,1488,2,7,2.0650038791040095,75.61551823020339
638,791,841,2,4,2.0684078596264253,88.36414556946852
639,680,997,2,5,2.0808349269114834,87.72637383744222
640,524,854,2,5,2.0812461622984197,84.15312391045795
641,867,1196,2,7,2.0854086715113906,161.5793578675472
642,515,1187,2,5,2.0857417327450056,150.79768800725472
643,1179,1043,2,7,2.0948144756422624,101.31838397129889
644,535,870,2,5,2.10161848780095,89.72634901930053
645,811,472,2,5,2.1022292423181517,67.46459977071103
646,1028,781,2,7,2.1030014974933264,97.12391855539785
647,328,954,2,5,2.1030063990311443,77.73472518765342
648,923,644,2,5,2.1070532026884767,85.28651669845331
649,1079,1237,2,7,2.1071881641596786,106.5764511069662
650,555,756,2,5,2.1236615748465164,95.93327216525732
651,698,1143,2,5,2.129531568228106,132.71928918669744
652,1180,596,2,5,2.1302257354738816,72.70311585864498
653,469,906,2,7,2.1352255645174325,84.74385425110975
654,1179,1106,2,7,2.139762975071516,98.24445135590213
655,670,1342,2,5,2.14364933538594,122.33355330361695
656,1084,922,2,7,2.153765398684448,130.3338661540686
657,657,733,2,3,2.168643547396658,102.51238915641152
658,801,499,2,5,2.1733837588663993,95.11366555337882
659,499,1434,2,7,2.1782640603108945,94.27146638829801
660,951,1073,2,7,2.1784435037447087,106.43294707101848
661,482,847,2,5,2.1814527892126674,81.99271647869435
662,857,778,2,7,2.188784712630604,93.52249246690457
663,671,911,2,3,2.1947718953088966,80.82538620727745
664,1057,1575,2,7,2.196910749466086,88.5682313090999
665,883,1576,2,7,2.198890649762282,135.8977799569302
666,802,744,2,1,2.199486840194291,91.99769773689388
667,1137,994,2,7,2.203192414324852,95.85275165586015
668,1085,886,2,7,2.2043957477336464,111.445427601734
669,848,777,2,5,2.208160947513588,78.75541207152405
670,603,908,2,4,2.2133316125701747,74.89046399390394
671,937,1292,2,5,2.216162047608878,125.81947357446523
672,1192,858,2,7,2.2177055844219704,95.61924456172804
673,409,1290,2,5,2.2222222222222223,76.81678012214084
674,479,1483,1,7,2.2269281836669523,111.70993409272069
675,598,660,2,5,2.2271316947968613,78.43504035541484
676,1010,1504,2,7,2.230642504118616,120.38288886114819
677,746,1439,2,7,2.239435920353543,81.39661984518904
678,532,1202,2,6,2.239879667778432,121.68193397360001
679,877,829,1,7,2.250937225811598,371.44354289118496
680,434,816,2,3,2.2520177037229887,116.45823643406821
681,470,1129,1,5,2.25681951985347,172.23989548656323
682,885,1075,2,5,2.2620016273393,69.2931449030534
683,705,760,2,4,2.262061350091749,84.055031163452
684,1003,1510,2,7,2.263652862563933,94.7495877299738
685,480,1294,2,7,2.2641322477829338,91.98943176015142
686,777,1493,2,5,2.265659706796979,88.14319158177915
687,464,781,2,5,2.2690226250244505,71.52505388556749
688,1114,1184,2,7,2.2707910085850975,106.30223389259304
689,496,883,2,4,2.2712943953183853,71.4830982354104
690,629,635,2,4,2.271365895513931,80.22224987495676
691,701,627,2,4,2.282305647409713,86.43831093457474
692,365,967,2,5,2.2828816488928023,153.1475266876862
693,636,725,2,5,2.2863434696719453,81.87489397787876
694,823,1119,2,5,2.291171006746407,97.53599762822613
695,783,1149,2,4,2.306352642458373,59.58624701500619
696,831,1276,2,7,2.3092682127345734,104.22771544395793
697,719,796,2,7,2.3159327747435294,87.01209207154295
698,902,796,2,7,2.3163878724516467,108.41804380370559
699,742,1287,1,5,2.3257336453951782,75.00415497750035
700,956,1345,2,7,2.330087521962594,75.10463765455647
701,1186,1354,2,5,2.3332617777704385,94.51054467918146
702,813,1029,2,4,2.33418822841931,109.1609095174031
703,1075,988,2,7,2.3348855512559847,93.06306665374831
704,454,1286,2,5,2.335042169670911,61.431985877789174
705,785,701,2,7,2.3374773374773374,55.72701319826857
706,351,1113,2,5,2.3454367026496565,113.08551336636066
707,463,1044,2,7,2.349189822346587,66.2092510949607
708,313,1079,2,5,2.3524393844942417,62.55664100104268
709,783,872,2,5,2.35360816392646,96.62110995475517
710,1087,1000,2,7,2.353924025750651,104.60978251206825
711,660,708,2,7,2.3539527262698527,117.33018905588148
712,698,975,2,5,2.361719383617194,82.33012814274007
713,512,860,2,3,2.3650501726196236,105.32449857464312
714,962,1647,1,3,2.3698083460609944,285.69752604614706
715,1170,1320,2,7,2.381109861763344,80.36647829370983
716,589,772,2,4,2.3885918003565063,103.38449674233883
717,1135,968,2,7,2.390915505669604,119.94355588034826
718,932,540,2,5,2.391597704326337,88.92986468747905
719,650,1520,2,7,2.3937274705559894,85.86753970505967
720,957,801,2,5,2.401305057096248,144.7920923255134
721,805,1106,2,5,2.4015119423897815,91.78201076463732
722,962,1062,2,7,2.4058235946987008,72.7080229219735
723,1150,1012,3,7,2.407224958949097,203.88374955678378
724,1122,718,2,7,2.4092264086399844,89.90361351037133
725,497,627,2,4,2.4120980517041466,75.41983188569613
726,998,748,2,5,2.4143339963453485,77.65458373463862
727,1167,1379,2,5,2.426514105346222,108.37970161530352
728,588,1357,2,7,2.4281687354730233,92.27757605001698
729,712,1385,2,7,2.428270706601913,96.26546592914592
730,1144,700,2,4,2.4306744265662443,113.05996442399739
731,748,864,2,5,2.4328532502919424,86.2471819185351
732,616,582,2,5,2.4398989487409337,81.79288715340037
733,466,810,2,2,2.4400552710720964,93.10835048778146
734,362,1132,2,5,2.443432965805084,81.17315810797447
735,574,1061,2,5,2.4534080542160823,101.06391507632956
736,1056,604,2,3,2.4630541871921183,99.78421162132258
737,1156,1166,2,7,2.4667060289969167,105.06383641492548
738,838,509,2,5,2.469175965385992,101.0004125404116
739,985,833,2,5,2.47214371568723,148.47614847734525
740,1022,1517,2,7,2.4721471421979038,93.36219791757262
741,1107,861,2,7,2.4735212644614633,100.18398872685307
742,581,609,2,5,2.487044948748355,99.05342799329169
743,304,1117,2,5,2.4953789279112755,92.86085767905058
744,716,583,2,5,2.505280259951259,91.67863558224578
745,669,1514,2,4,2.5063651092814867,86.84416918954444
746,697,823,1,2,2.5114192363334906,92.30565168684599
747,593,779,2,4,2.516221945338921,127.44442552431325
748,936,1526,3,7,2.5201762638015546,246.8260042801181
749,647,1003,2,5,2.5256370793979945,215.83383204575588
750,1144,1252,2,7,2.5402327308739787,105.7595461281024
751,966,1330,2,4,2.5408945792054767,91.03383833620452
752,1055,1513,3,7,2.541494629139182,250.73728781336055
753,406,994,3,5,2.541738536140853,407.5910174427302
754,336,990,2,5,2.542164527708118,104.1071079732578
755,1147,976,2,5,2.5435557234108934,112.43880279956737
756,653,1319,2,5,2.550877942215141,90.74153426996187
757,783,1435,2,5,2.5602261149636836,166.73343974906638
758,662,538,3,6,2.5640196062571783,214.70774710444582
759,636,833,2,5,2.5650978489406437,110.82907259980719
760,527,1237,2,5,2.5651099215898117,74.86538845747673
761,1078,906,2,7,2.56612064866283,69.8414747640843
762,385,1257,2,7,2.5682554372975472,126.38430699875501
763,715,973,2,4,2.5687450492248503,133.04312166445217
764,573,810,2,5,2.569071032957096,126.76842814754784
765,1146,623,2,7,2.5818907686769856,74.8546740172063
766,908,1133,2,5,2.5857847138332954,104.755858693228
767,1175,1295,3,7,2.588677008200771,302.29793239543596
768,454,1201,2,4,2.5927925275228607,95.34956701818606
769,400,827,2,4,2.5960879077817327,108.24469931851422
770,612,647,2,5,2.5976131794007005,67.31949888817917
771,409,788,2,4,2.6049417035958986,91.13771630523411
772,561,953,2,5,2.620382904660607,135.07157953182536
773,567,653,2,4,2.6228706496046947,95.42928410026394
774,1135,1583,3,5,2.633057318277168,509.7287251704468
775,636,994,2,4,2.645451154039544,112.1234129083762
776,532,708,2,2,2.660519070040242,83.95468354349798
777,932,1403,2,7,2.6627365092957005,95.36810991567825
778,764,1520,2,5,2.6632146567503834,104.48404151139808
779,1023,578,2,7,2.6638009639181974,108.829369185079
780,762,1369,2,7,2.6679206058506164,76.72782886425382
781,646,865,2,5,2.67483393402615,88.53624493204276
782,689,1568,2,5,2.684508116533187,132.2911811014711
783,1103,1261,2,7,2.6899046366326864,104.73968226831064
784,750,1267,2,5,2.691477532866767,109.55896433732234
785,496,1310,2,7,2.69189457159382,92.7769128369529
786,486,1052,2,7,2.6929982046678638,92.25944697187143
787,482,1215,3,7,2.7072979335600316,333.24646524340244
788,697,685,2,5,2.7078646229545345,97.63024598225468
789,1088,1411,2,7,2.711886773778496,114.36308377512192
790,390,991,2,4,2.7136399980418715,121.19852859392863
791,934,554,2,5,2.7162584679520583,77.42182437070886
792,870,946,2,3,2.7187201450847676,143.96859587153799
793,541,1251,2,5,2.7196481034680846,117.27371088137737
794,830,528,2,5,2.720482201014307,92.52833650053132
795,351,1284,2,5,2.720568695190008,147.62404741436944
796,551,1488,2,7,2.727378750770564,92.19023771829399
797,948,634,2,7,2.733129433201015,113.61758929506567
798,1059,1554,2,7,2.739024913734749,100.8085024522568
799,682,1334,2,4,2.7429454204808783,87.16641770200265
800,528,1324,2,7,2.748071383637387,97.09155902205575
801,1028,768,2,5,2.7494924888347545,93.87325231395789
802,543,1043,2,4,2.751269035532995,439.4577446979402
803,668,1052,2,5,2.752832838062894,96.60788442634139
804,680,974,2,5,2.759961127308066,90.29807891398109
805,865,1067,2,4,2.7660266840221284,98.98988970540825
806,718,904,2,4,2.771399928855544,93.66873329570663
807,1185,1142,2,7,2.7864386753749715,116.22833579496294
808,518,735,2,5,2.7898852376054983,97.27601587179076
809,1132,902,2,7,2.7950513844341165,167.84578218478478
810,301,1138,1,3,2.8046294469652135,79.53977865753015
811,622,1384,2,4,2.805313243457573,121.89510517927562
812,682,930,2,5,2.8073132780082988,84.56324679394314
813,597,1045,2,4,2.807860048022737,106.49713089510388
814,745,1049,2,5,2.8084939817986103,116.60027128565734
815,396,1114,2,4,2.812218491524036,88.97280327281041
816,876,1022,2,5,2.813092134030803,109.4032979266266
817,376,1130,2,5,2.815562620865974,96.63472891943834
818,422,715,2,4,2.8157525531012433,86.24745366611637
819,958,1125,5,9,2.817120675821548,572.1567087564385
820,786,1351,2,5,2.8218114845754125,83.55103854331595
821,928,1271,2,5,2.8292459166789534,94.78593389258181
822,906,1527,3,7,2.8303915567980678,355.5905885518719
823,762,1288,2,7,2.8389091746439026,113.75775309353156
824,608,1096,2,7,2.8442378817137435,152.9318793522862
825,524,1156,2,7,2.8485561217823077,93.58855543459005
826,1079,1002,2,7,2.852181320751626,100.09034113683941
827,508,1249,2,7,2.8697426446389787,87.49189446584307
828,829,666,2,5,2.874560223090517,102.24123841842554
829,623,1155,2,3,2.876701165349197,154.0182562681739
830,646,1047,2,5,2.8805647273141295,95.57530480667529
831,318,982,2,2,2.88996471650119,152.9534186080484
832,418,1084,2,5,2.8910787704757555,91.91492896513964
833,789,1301,2,5,2.89123451124369,111.36145322277763
834,451,1365,2,5,2.8932612230000996,127.32591601433265
835,793,1581,2,5,2.89356066876345,95.5305270435698
836,694,1105,2,4,2.9004236941549837,97.5621507752309
837,702,893,2,5,2.9020320716743493,90.46913800051128
838,673,1071,2,4,2.911260350785682,88.67119936722533
839,1046,888,2,7,2.912906542208587,89.804378450546
840,1057,745,2,7,2.917168037984975,167.1271762926531
841,1076,1504,2,5,2.9239766081871346,140.77395197818223
842,471,1036,2,4,2.9262519656955726,125.72334459041407
843,921,1551,2,7,2.9300081250932726,97.6168014767722
844,1157,1180,3,5,2.9316173708536803,463.2432297730379
845,432,1256,2,4,2.9317143187105077,108.42405656341523
846,970,1287,2,5,2.9355299214019657,114.7428208235947
847,973,628,2,4,2.935928629359286,99.60365901355676
848,1073,958,2,7,2.9426173291093765,88.24535713314074
849,1068,1394,2,7,2.9434610871469418,73.47727350835918
850,1064,1371,2,4,2.9458690395907694,95.74746152712817
851,598,602,2,2,2.947860528537108,118.85001636049063
852,1099,1089,2,5,2.9485550451242952,105.88947821772577
853,978,1197,2,5,2.9573984059180702,134.89254339617477
854,561,1044,3,2,2.9577782795213263,506.3930302064461
855,1199,783,5,4,2.9772100686797502,374.78119394299034
856,885,1651,1,7,2.9775689803480447,367.4726723588511
857,445,932,2,3,2.9782415271374263,73.45660803419179
858,936,1541,2,5,2.983571369602906,98.73842231708316
859,948,790,2,5,2.9916273604152046,165.80698597231125
860,364,974,2,5,2.991858221887977,78.17248556877286
861,998,1468,2,7,2.99641482748413,165.68791257964475
862,719,948,2,5,2.9982534445953815,96.58369283798494
863,664,1045,2,2,2.9984150067811566,133.24004549016868
864,1188,1409,2,7,3.007543673901535,110.6499422603655
865,355,1251,2,7,3.0087146691407933,79.24049189370012
866,707,1110,2,4,3.010372697228494,151.49944421423538
867,789,1114,2,5,3.0152883267594617,90.9680575806695
868,1199,1401,3,7,3.0255144032921812,446.28631193688005
869,636,582,2,3,3.029318078398232,84.1414875703749
870,734,799,2,7,3.029710711493354,307.3432753272615
871,693,1048,2,4,3.0357288190770735,137.7495462787446
872,454,1161,2,5,3.0428882094213443,87.0054975114919
873,333,1035,2,5,3.051635506368488,97.37783478971656
874,509,1212,2,4,3.0556827847935613,87.53379307761978
875,800,1158,3,5,3.056953469813195,123.31123112767233
876,684,1425,2,5,3.0661003451022033,154.37381915877663
877,727,836,2,5,3.069577080491132,86.50817840271262
878,455,1062,2,5,3.0706477402512644,198.40887479450666
879,1136,1183,2,4,3.0777803271165887,112.92025670799725
880,348,831,2,4,3.0819007778286163,82.7273697655941
881,956,471,2,5,3.0865803681779744,111.24765134849164
882,809,705,2,5,3.0914806053339383,98.6637017431774
883,741,664,3,6,3.0921509421775846,217.54089254794272
884,737,1566,3,7,3.093805777748397,296.9506014848635
885,692,620,2,7,3.095845304580818,227.67722035079984
886,730,734,3,2,3.103948428686543,326.79903515004446
887,622,1079,2,4,3.106117516412451,77.06166362076542
888,1146,1308,2,7,3.111125781907607,84.02640953890628
889,1103,925,3,5,3.124335812964931,270.01352846765946
890,326,924,2,5,3.125510837937686,88.01227029353477
891,402,1352,3,5,3.130920331039984,298.0828062384679
892,560,1113,2,4,3.1395120674995094,101.51395634755515
893,936,689,2,5,3.1583051728619704,107.28580081052458
894,515,1098,2,5,3.161707126076742,144.1086046374593
895,706,769,2,4,3.1634588880060965,98.81506295432223
896,911,1315,2,7,3.1734341500139114,165.64235234048354
897,941,889,2,5,3.1801657223332134,134.84898317706697
898,714,592,2,5,3.1890439343413086,88.26412383044175
899,1076,1169,2,5,3.189259986902423,119.71212576658873
900,1176,1250,2,5,3.1926967678263014,105.47273706455564
901,1068,1046,2,7,3.1961834671182245,110.46001507584342
902,510,964,2,7,3.200594257662371,110.56154017861124
903,392,1004,2,3,3.2037995136361412,188.13754111022075
904,498,945,2,5,3.208340719016388,89.99891974660338
905,423,1297,2,4,3.210073159806898,107.89114080353812
906,704,620,2,4,3.220567456515031,100.07840676189845
907,933,1018,2,5,3.227169320766981,146.80371792710912
908,500,1046,2,3,3.2338267768054307,106.37185822491878
909,1097,1539,3,8,3.23910874625873,329.1757277233882
910,918,1040,2,5,3.2397268052108177,129.00386918185396
911,901,1082,3,5,3.2574932101676723,429.06602177481574
912,872,1455,2,5,3.2603679040021096,110.03443274215981
913,547,736,2,5,3.2619279454722494,97.34923350437275
914,672,591,5,9,3.2655084819397753,664.5279076156245
915,657,952,3,5,3.2701238390092877,473.71033804953004
916,914,1165,2,5,3.2721338229294163,197.76458630710965
917,454,672,2,4,3.2763346821563766,91.07459358801566
918,645,880,2,7,3.2785825142265907,223.99603171088148
919,660,848,2,3,3.2803309417620063,199.12447251795936
920,941,625,2,4,3.286689475134986,118.44671065035486
921,1097,885,2,7,3.295770047362404,84.91216867380605
922,843,1532,3,7,3.2981900377831677,259.92314235280315
923,593,1393,2,7,3.2990410344197176,104.50451046884692
924,752,1466,2,5,3.299467187344872,104.57233507906804
925,651,1528,2,7,3.300056382872873,124.93173135756984
926,984,630,2,4,3.3012602455697024,100.00944399849891
927,652,1137,2,5,3.3157214597680467,90.32222410163884
928,707,1532,2,7,3.3159506663355685,279.50752511734316
929,1084,1616,1,7,3.319419598489366,107.760246999222
930,732,1448,2,4,3.319708902402552,119.00717036053845
931,1181,1128,2,7,3.322816012620785,95.0488087335484
932,928,579,2,4,3.324891226703033,97.70018622750362
933,1168,804,2,7,3.3279472490166317,178.05201721219936
934,392,1036,3,5,3.3312669255114358,245.05016138991263
935,696,1335,2,5,3.33311376062183,93.42732432514353
936,349,1275,2,3,3.3368247792907377,119.67455144636594
937,1055,1284,2,7,3.340302586306241,118.08312014800798
938,978,1292,2,7,3.343205001645278,129.48969687670993
939,530,649,2,5,3.346163295389403,73.21652629169334
940,970,1250,2,7,3.3467158088719233,139.36041901805868
941,359,983,2,4,3.3502040816326533,114.50102346704155
942,1160,603,2,7,3.355068555833374,121.67967253544585
943,1038,965,2,7,3.375739405234584,243.1453469063766
944,832,738,2,3,3.37754771918473,113.12895174190479
945,1003,858,3,7,3.3785876102156234,365.09197613980325
946,982,1144,2,7,3.3820062860136195,125.649617543743
947,1030,1301,2,7,3.382389213187536,97.03360672124548
948,654,1063,2,5,3.3858869852426743,103.95952738125224
949,505,1217,2,5,3.387358450369545,101.30604587365728
950,1012,517,2,7,3.404956520320428,83.98957235210148
951,1145,1540,3,8,3.410844993277897,352.99373420627296
952,936,1628,2,7,3.4298692041178325,108.32909446835293
953,478,1390,2,4,3.4302103884477013,134.96711919533917
954,823,1614,2,7,3.434309901236617,135.5557939148633
955,610,1507,2,5,3.436552114929502,106.91806312416169
956,1159,1263,3,5,3.4406726671383674,328.5601558948782
957,1168,1126,2,7,3.455872681836117,86.57333716759065
958,733,1358,2,4,3.463459516298633,147.69219469897521
959,843,526,2,5,3.470297430910122,101.86468932145013
960,784,634,2,4,3.472165753224154,124.67234139268153
961,986,1308,3,7,3.473757133902946,245.64003346699548
962,472,702,2,4,3.4864001043637076,153.34010401718137
963,756,624,2,5,3.494052159236599,98.70565108217238
964,837,615,2,5,3.4977753239582996,148.34304743472887
965,1044,1449,2,7,3.4999175325746332,112.26078734357782
966,943,508,2,7,3.5040343571056742,84.97708024324363
967,581,661,2,7,3.510714518335179,127.61400132169406
968,904,1281,2,7,3.5151316329041253,92.25507175157846
969,971,1609,2,7,3.5172219739477297,82.43970860911358
970,736,639,2,5,3.517555266579974,83.84086074555506
971,893,1176,2,7,3.5204940127097184,118.07935626094852
972,952,1405,2,7,3.52149828541282,76.33723379772736
973,608,1558,2,4,3.5223124239443897,165.35063228552295
974,350,1215,2,5,3.524272808497965,95.08840915461545
975,362,899,2,5,3.524603563838483,106.69045958597547
976,844,1336,2,7,3.5257728566492816,101.6055485689635
977,825,575,2,5,3.527425612389007,296.03136271066506
978,993,710,2,7,3.5280377621697028,146.6089611858702
979,1145,1497,2,7,3.53143272438968,115.80946246841069
980,1017,1342,2,7,3.5328947368421053,183.98006666635263
981,872,1568,2,7,3.5404672093177156,129.55972453745886
982,1034,1535,2,7,3.545653181487122,167.39057370911502
983,1014,844,2,4,3.563736048560799,111.1449800810735
984,865,1459,2,5,3.5644996876130346,114.73701814729775
985,893,1276,2,7,3.5695555264193,147.55090929348194
986,865,1290,2,7,3.5713112330387355,148.30949597791175
987,447,863,2,5,3.583156736819969,127.69013600640159
988,1090,1238,2,7,3.5871928322023847,127.86124613771324
989,1008,1484,2,7,3.5915202507630126,154.3386203198092
990,914,796,2,5,3.5931471915255346,78.64052134378448
991,934,987,2,7,3.5989087285380554,177.9771706255858
992,944,1554,3,7,3.6013262860707136,286.2836467367441
993,833,501,2,5,3.608866387563691,181.98694531171427
994,380,836,3,2,3.6092036319848995,278.4801477813694
995,793,885,2,4,3.6101667476121095,215.63713331402107
996,650,1433,2,7,3.612608253099501,112.19997029114283
997,602,1308,2,5,3.6191289776740976,154.62506175333357
998,684,1581,2,3,3.622563966591542,155.02015437964474
999,1142,1192,2,7,3.6251889831065536,169.9354452595325
1000,638,815,2,5,3.6320632452047694,96.96258585431576
1001,1026,1560,2,7,3.632754342431762,167.75476065442143
1002,1165,1517,3,7,3.6382810440284734,234.61882502381508
1003,764,1538,2,7,3.643255590684124,128.74068871400195
1004,876,585,2,3,3.6438298355813084,92.45344173630795
1005,506,1060,2,4,3.644602048857368,121.77927864925681
1006,1021,652,2,7,3.6450698719828005,104.27207167096833
1007,301,1041,2,5,3.6495871024938022,145.4949168642442
1008,597,636,1,5,3.650229768927419,211.28801022274993
1009,1009,558,2,5,3.650796227456455,108.31432525550605
1010,424,1231,2,5,3.652930418019146,197.85599069918393
1011,565,1355,2,5,3.6537510305028853,124.19966004605469
1012,392,1265,2,4,3.66053542159898,127.8926891208233
1013,872,1487,2,5,3.6715994858442373,85.2128768144815
1014,565,1338,2,5,3.6840293148394077,184.62256919335607
1015,767,567,2,5,3.686335808258434,99.96745998351442
1016,926,779,2,7,3.696098562628337,203.7857671401241
1017,380,791,3,7,3.7008002613098157,320.3321193178522
1018,893,1318,2,7,3.7021220681952567,90.14455019886424
1019,1087,1543,3,7,3.7051674735698055,193.0304200263667
1020,522,1172,2,5,3.709637864791956,119.79806504651435
1021,1062,1224,2,7,3.709796824874558,78.66737287818601
1022,1127,1378,2,7,3.710296856714302,143.86538243750263
1023,958,514,2,5,3.7216565275383062,190.15289443994504
1024,542,1031,2,5,3.7298681097896886,299.64124092635996
1025,524,1032,2,5,3.7302026082149013,167.5467544614206
1026,1068,1528,3,7,3.744108631884249,334.5770858694434
1027,1112,1174,2,7,3.7545126353790614,111.95655779512576
1028,758,829,2,5,3.759276663317886,109.3220268544064
1029,673,1576,2,5,3.760046399867429,158.65234857490555
1030,1160,1480,2,7,3.775681098379956,155.5345564943331
1031,480,1363,2,3,3.7830476949647935,88.62875129186665
1032,754,1379,2,5,3.7847153178232915,194.3583996126743
1033,915,1527,3,5,3.785199738048461,264.7182333265987
1034,1017,797,5,7,3.795162103687798,409.17426299805317
1035,919,1497,2,7,3.7973428514772953,152.4075311641638
1036,967,1579,3,5,3.8160678266288395,338.2921952617293
1037,810,572,2,5,3.826543079153567,102.74817516627728
1038,967,522,2,7,3.827377465338801,91.82341711434809
1039,519,900,2,1,3.852569448899724,173.25217951972013
1040,777,702,2,5,3.8610972287156007,169.22125043038247
1041,926,610,2,7,3.874792046904527,178.74375960357952
1042,949,843,2,5,3.8762725137039937,208.11208251538133
1043,1137,681,2,7,3.888816390447605,233.13616669710908
1044,1122,1343,3,7,3.9077577817000146,345.9467283974353
1045,849,1413,2,7,3.9116625800187603,135.35554389787248
1046,477,1209,2,5,3.919834954317713,151.1014192153366
1047,907,1434,2,7,3.931025369978858,185.1008311929834
1048,866,1331,2,5,3.9318651744395945,118.14124667814652
1049,460,708,2,4,3.94124847001224,222.74443112505017
1050,828,765,2,5,3.9428959891230457,102.73427664232722
1051,729,843,2,5,3.943186977106168,153.87413687816417
1052,479,1174,3,7,3.9646423309870684,260.12928142666976
1053,931,981,2,7,3.9648870904581646,141.34826965100538
1054,376,951,2,4,3.9798242759518385,114.5986883650943
1055,827,1170,2,7,3.982431413681209,175.0118249973095
1056,518,614,2,5,3.992438809764365,156.06506833867581
1057,485,1138,2,4,4.00209345305268,128.09412229554746
1058,918,1395,2,7,4.004612470142493,121.25627131548015
1059,469,1066,2,5,4.009680795395081,149.59012867573256
1060,868,721,3,5,4.0146221532091095,458.9209869053956
1061,883,1341,2,7,4.02299794661191,134.95919522211148
1062,1094,1112,2,7,4.027900579624718,83.25746546439878
1063,905,1203,3,7,4.031106954766944,335.5026675461099
1064,1013,1420,5,1,4.034312194961629,211.2905286566343
1065,522,1085,2,5,4.0369809830887675,154.31479370285777
1066,831,1046,3,7,4.044630404463041,464.8620296359149
1067,1180,1384,2,7,4.050306991483462,138.85663444918845
1068,356,927,3,3,4.052202283849918,203.45187801213993
1069,1017,1048,2,5,4.059993138039767,120.14320159247
1070,646,1127,2,4,4.067376118038781,157.6948309939873
1071,410,758,2,5,4.086302713305002,123.43266692366689
1072,1076,1364,3,7,4.0900131406044675,327.34831092685766
1073,368,1204,2,4,4.106650827434869,117.13933269354443
1074,741,620,2,7,4.10851956670245,164.5070920457028
1075,900,512,2,7,4.113244386592906,92.67086321432907
1076,431,987,2,5,4.124979763639307,164.90308075250343
1077,779,1622,3,7,4.130033738303777,429.5197879770953
1078,591,817,2,5,4.1307337594045785,123.97579708914515
1079,886,1622,3,7,4.134366925064599,421.8998182000346
1080,1118,544,5,5,4.146057775437324,518.8687930247877
1081,1118,1538,2,7,4.146333366530558,97.38493923029827
1082,434,1232,2,5,4.151928861855806,178.79189000219097
1083,1065,1088,2,7,4.152769603034464,144.9958272867035
1084,432,1339,3,5,4.155198142928204,329.0012242462869
1085,1157,1345,2,5,4.169080286655302,158.61111050301616
1086,826,1235,2,7,4.170346384064371,151.50288203162634
1087,980,839,2,7,4.170746034854122,80.81713755276304
1088,455,1317,2,5,4.180192116594899,94.60927507678915
1089,735,1157,2,7,4.1811562260208,70.05710716186395
1090,998,1489,2,7,4.2170266164718315,101.1761047217507
1091,810,608,2,5,4.223468788728719,136.13743438770493
1092,944,1295,2,7,4.225444740389991,129.19169112429623
1093,800,649,2,5,4.237811819039256,124.11905546915652
1094,860,1623,3,7,4.257253864594528,432.2749816057161
1095,540,1204,5,7,4.260232912387598,311.5962441606124
1096,842,1004,2,7,4.269779844557901,130.55426048412036
1097,691,537,3,5,4.269903258738313,287.3602528718186
1098,1092,723,2,5,4.270102756483444,140.6630133806799
1099,632,747,2,5,4.271311914541292,114.56020221069599
1100,354,856,3,3,4.282501711045204,263.53334967113534
1101,874,1173,2,7,4.290601928397204,102.98421366349741
1102,562,1282,3,7,4.300581070877516,369.0209174288092
1103,503,1411,2,5,4.309212167578625,196.43806894427453
1104,1058,1115,3,7,4.333414574701438,476.34196217691715
1105,1044,574,2,4,4.338444437179194,166.44785636615717
1106,964,1305,3,4,4.338714430727921,349.5106474892193
1107,835,488,3,5,4.3492404280927754,338.6604330134964
1108,808,1320,2,5,4.350970626427996,104.92537030353209
1109,598,643,3,5,4.361072846608865,281.8102567922845
1110,1071,737,2,5,4.389735573791846,118.98242604827544
1111,531,924,2,4,4.399922695355279,193.7394755206073
1112,407,932,2,5,4.4040692950238896,208.26583906685758
1113,636,1163,2,5,4.407111401076497,130.3089278087525
1114,603,1317,3,7,4.416958228617421,299.2005058624289
1115,690,600,5,9,4.4230848392540985,723.9779416529208
1116,692,1350,2,7,4.441800515566131,120.20884604165646
1117,592,746,2,5,4.44534741974807,155.8944398908726
1118,666,1382,3,7,4.45101884785427,380.165744190025
1119,1058,876,3,7,4.4517147647183295,395.74714851222313
1120,668,929,3,7,4.462665283899404,443.3482747325553
1121,617,1451,3,7,4.463975371170366,361.6345991927948
1122,724,1580,2,5,4.466784809287997,193.02315275634683
1123,914,658,2,5,4.477854795144651,218.1160456614781
1124,778,1586,2,7,4.491450790116482,161.34344299419863
1125,383,1147,2,4,4.495154531168151,85.23202604589949
1126,1041,1031,2,4,4.504387390315242,116.79052205408907
1127,1128,692,5,7,4.5167598780379015,606.0139597195761
1128,978,823,2,5,4.524517330371435,119.5974730316471
1129,467,1134,2,4,4.528184975622483,141.26717570106496
1130,1153,848,2,7,4.541517543429589,279.75639204295027
1131,525,1518,1,5,4.558304478011408,239.47788984000638
1132,1077,1587,3,7,4.561820764377498,223.44530775014175
1133,696,569,2,5,4.567705125295815,187.11493330006797
1134,1006,1403,3,3,4.577909820593208,170.43930167527546
1135,984,1637,2,7,4.579226434851986,93.29670970439776
1136,578,1308,2,5,4.586431532539317,177.38069151466917
1137,685,1303,2,5,4.586582436745303,213.62920563443566
1138,796,1612,3,7,4.587581861891735,422.9186268427481
1139,725,923,2,4,4.601505711318795,185.72201449119237
1140,973,636,2,4,4.632471138389596,177.50324234127856
1141,991,777,3,4,4.635226427901865,313.6852080067248
1142,1174,1397,2,7,4.6373600939044755,175.5890087676333
1143,493,1230,2,5,4.642622950819672,137.3219048642843
1144,637,1542,3,5,4.655481132701108,256.9182614287189
1145,494,714,2,7,4.655529972729797,118.92480554955723
1146,770,739,3,4,4.660797514241326,451.3933674991495
1147,775,1224,2,3,4.6709965229941615,158.3900720706811
1148,924,524,3,7,4.671684401764859,400.538957652339
1149,430,911,2,3,4.683536069732648,131.94885372749548
1150,512,661,2,5,4.6858899919857375,150.9349968161423
1151,926,1014,3,7,4.699866462560662,335.7049382352836
1152,678,505,2,5,4.70666818722406,181.76105632731733
1153,546,1442,3,5,4.7100245798179765,365.92026302035924
1154,683,565,2,5,4.7127199728018905,122.06469567633205
1155,838,1252,2,7,4.71417538901395,128.8395252393026
1156,416,1013,2,5,4.720234222511386,112.20961751957311
1157,867,1561,2,5,4.738171185539606,189.9631543220948
1158,567,955,2,5,4.738604172031934,152.3807366069901
1159,1134,1217,2,7,4.744182982857708,102.99096508378241
1160,545,1449,2,5,4.755247083104476,92.80430425841729
1161,1180,1486,3,7,4.756238638241613,177.77863498057226
1162,917,1434,2,7,4.759224618848185,179.9752297771372
1163,595,629,5,3,4.798221558732374,304.6692263750968
1164,738,779,3,4,4.8054846426793825,346.1736377888992
1165,1089,1183,3,7,4.806542010127661,454.38163108412147
1166,747,834,3,5,4.80915782987969,189.14055895462153
1167,574,1121,2,7,4.823394118613439,97.4352259908545
1168,1083,1562,3,7,4.823826880767084,421.21451177583566
1169,381,1225,3,4,4.828950622372434,301.8619274832268
1170,341,984,3,3,4.8336246467484525,314.5335059876592
1171,1034,1066,3,7,4.838577983898624,445.99322483331764
1172,583,962,2,5,4.843470266608603,210.55843409055515
1173,595,1005,2,4,4.847607114380096,171.9331214859106
1174,709,1613,2,7,4.860327781832659,336.2585707292662
1175,1008,589,2,5,4.862999202253228,235.98952424960638
1176,794,1444,2,5,4.868591124515295,124.62507661872158
1177,590,1551,3,8,4.871902052030078,720.2407535370069
1178,646,556,3,3,4.887607695795816,293.03436468934643
1179,1149,951,2,5,4.887953570195485,75.77209065495173
1180,395,1143,3,7,4.893704342116063,288.5394133486023
1181,584,1549,2,9,4.898923620200369,683.1596730552008
1182,941,566,2,5,4.901514659039199,194.76876870763672
1183,1059,1292,3,7,4.90260594893393,386.7613187850271
1184,838,1283,3,3,4.902876813375952,225.3545354916707
1185,514,630,3,5,4.90741346594255,213.96519382055266
1186,987,737,2,5,4.922174891887076,135.58478666502376
1187,1079,1037,3,5,4.924578162282347,530.8233368368006
1188,833,1169,2,3,4.925786984178764,199.7016481251191
1189,904,1169,2,7,4.9298308744152575,252.91841020815826
1190,674,1446,2,5,4.939747037147694,186.9939792182863
1191,778,722,2,5,4.9452868785920705,162.83111564508246
1192,1146,672,2,5,4.946257636642818,205.89812998314375
1193,938,795,2,5,4.953084643802923,133.64998207382345
1194,1119,1041,5,5,4.9611846826276995,403.523527814674
1195,889,1436,2,5,4.964213014643115,135.92358964588237
1196,743,501,2,3,4.983723958333333,184.42448017790068
1197,1167,905,3,7,4.988594697240307,596.7451065758497
1198,963,1012,3,7,4.991052545957378,319.3760844730446
1199,464,894,2,4,4.993784006329012,226.06537894059664
1200,898,1510,3,6,4.995234808899405,184.32880777295773
1201,912,1428,2,7,4.9975949178125365,132.43132392132745
1202,578,1331,3,5,4.999177225604739,460.9628208676077
1203,741,858,2,5,5.0089938258600855,206.93631602231855
1204,1053,666,3,5,5.016126156788383,406.2643074403657
1205,1136,953,5,7,5.022308660336346,328.50963075684706
1206,547,726,3,4,5.032964540845253,357.3173970326973
1207,1189,1344,2,5,5.044117403612164,141.70356749802266
1208,556,727,2,4,5.048496209960062,178.1876936453993
1209,599,959,2,5,5.053648416480275,131.7649356387688
1210,980,969,2,5,5.0537336312193215,188.65009773387345
1211,896,918,2,5,5.057960882501178,140.34867295418223
1212,726,603,3,4,5.069213956124019,341.53684271327967
1213,895,1523,2,5,5.070268659681184,187.6441251633883
1214,296,1093,1,7,5.070399341292713,305.30064588041733
1215,473,1330,3,3,5.086148397027425,310.6566270507609
1216,414,925,2,4,5.102758203489038,191.55394783338596
1217,461,1061,2,4,5.115001716443529,193.1087057131869
1218,623,1012,3,5,5.119626826147169,573.3996191696407
1219,1151,738,3,7,5.122371371924465,366.9693731544001
1220,931,676,2,5,5.125412487605052,117.15587165775726
1221,597,1072,3,3,5.1498324936031,534.1480495975708
1222,821,640,2,4,5.15222100959424,173.59505481307798
1223,997,1246,2,7,5.154977672708169,88.93902991188214
1224,363,821,2,3,5.158489638791056,216.85267656483592
1225,1006,968,3,7,5.1630832236360975,222.163775300015
1226,664,528,2,3,5.1697756942409745,187.63593220797438
1227,698,1302,2,5,5.171167619423089,94.64447363099913
1228,418,1356,2,4,5.177293157982354,168.8099224884472
1229,410,1118,2,4,5.200599246003654,121.47461297416109
1230,1186,1116,3,7,5.203549146459907,250.64561081778837
1231,719,1145,2,4,5.205497318182559,180.14364927745856
1232,599,951,2,5,5.209394042250562,189.12907115394913
1233,844,993,2,7,5.210869776955294,141.20306496516127
1234,612,567,3,5,5.215745153077878,298.9820228709412
1235,340,1247,2,7,5.225368966892701,241.99908172461224
1236,613,1092,2,4,5.23078936177173,114.58281818066015
1237,974,561,2,5,5.231942385087905,127.81942557982161
1238,707,867,2,4,5.234624811310036,177.99831752482007
1239,582,1418,2,4,5.24738629553173,159.30447241228214
1240,796,683,2,4,5.255633356619499,92.86829832258871
1241,1129,1228,2,7,5.27147087857848,158.66471900065102
1242,604,1389,2,5,5.272757419996684,162.6685824255358
1243,938,1301,2,5,5.277366255144033,185.39368303244137
1244,1061,574,5,1,5.289129073534618,738.0111072165513
1245,340,970,3,3,5.299199587139797,526.2807328054317
1246,832,606,2,5,5.302240750390829,90.6510307442778
1247,717,1109,2,5,5.309041042217651,174.90973366441202
1248,1190,1509,2,7,5.316665286861495,126.32321859244863
1249,645,957,3,4,5.318856292173012,343.19653170596
1250,993,982,3,5,5.332536387574108,317.19157153927586
1251,640,638,2,5,5.3368102233523915,184.07617969350503
1252,1179,992,2,7,5.3433610299188805,114.82268939543265
1253,734,974,2,4,5.347026073895084,115.24873462790528
1254,617,548,3,4,5.356389708983551,466.4647182084979
1255,1131,725,2,7,5.356880778826867,208.0196137921187
1256,972,1218,2,5,5.357994245787094,147.18690286503076
1257,917,1614,2,7,5.37548883144429,261.4065818637065
1258,503,1121,2,5,5.400628436763551,134.39990079361417
1259,674,1548,2,5,5.403836906597689,110.01886675323767
1260,412,1019,2,5,5.406198064326913,219.77883058884447
1261,855,1513,2,5,5.408169999340065,147.4636902106941
1262,854,1308,2,5,5.419059687001169,172.35694047689393
1263,736,1490,2,5,5.423801440413995,151.19468111419204
1264,842,899,2,4,5.424793012020756,129.63045766931305
1265,461,1342,2,7,5.442707900812171,218.9293986590705
1266,1072,599,2,7,5.453593744888278,120.1344082337224
1267,1130,860,2,5,5.48452934933464,111.83792837057659
1268,738,1347,2,5,5.5174125237819505,181.55382102989614
1269,997,677,2,7,5.522547969221779,133.855948431721
1270,422,1247,2,4,5.544534814520929,189.9561901246355
1271,513,1455,3,5,5.555648214553764,241.26695392356484
1272,516,1149,3,4,5.55962555962556,238.77569306196605
1273,1053,516,2,5,5.565378189427241,192.62288646183475
1274,789,1240,2,5,5.594061032092764,172.10969834349513
1275,1037,1110,3,3,5.599262425386659,513.7048168830898
1276,1198,1194,3,7,5.6553630630239535,542.9933793334869
1277,525,1317,3,5,5.669389906443537,371.1706986010615
1278,741,1514,2,5,5.673417174754539,368.02649361153334
1279,738,485,2,4,5.675011708254936,601.938049080265
1280,921,1583,1,8,5.681081175831303,612.6714258406921
1281,731,866,2,4,5.744355022645075,140.7535276842309
1282,868,1583,3,7,5.747202433098067,335.2906595610574
1283,480,839,2,7,5.755337283870444,296.21491529237124
1284,438,906,3,4,5.7648807600336065,281.1649871516722
1285,1147,842,3,5,5.775779754179336,590.3298277705062
1286,852,469,3,5,5.783765586528743,520.9940402063689
1287,910,1222,2,7,5.788272385425048,121.69616508839636
1288,598,588,3,7,5.797998891894534,436.7081325731816
1289,454,1449,2,4,5.8075128403101814,132.04901630960123
1290,856,503,2,4,5.862175979615504,258.6929083553187
1291,592,1445,5,1,5.873239730167232,647.982985887747
1292,941,942,3,4,5.879107505070994,281.59922454418955
1293,660,1519,2,7,5.914621982844604,203.74798908346446
1294,852,1245,2,7,5.92236502174695,131.28972943667588
1295,476,938,2,4,5.923007363389743,280.5927474660661
1296,1015,772,2,5,5.9323690383111805,135.1958391761949
1297,870,1408,3,3,5.937868659064097,307.68442696571793
1298,910,1044,9,10,5.950758545308647,623.3458627615279
1299,1090,511,2,7,5.950773318279925,631.4776638413709
1300,319,1152,3,4,5.981719310424621,347.30713822766285
1301,994,1159,3,7,5.988367330220365,358.32651156297226
1302,566,796,2,5,5.9884992305823275,187.25715755493982
1303,1188,649,3,5,6.030175132198127,377.39319451188953
1304,395,1097,3,7,6.030249459831074,256.02917314243706
1305,956,614,2,4,6.04301809491294,261.6619923945564
1306,632,879,2,2,6.044339209548985,168.45646795900186
1307,384,1029,2,5,6.049984512300494,176.88838288593178
1308,803,1283,2,5,6.062352805546864,108.54926396956054
1309,839,1310,2,7,6.102762648467747,215.46358289872458
1310,885,1424,2,5,6.157335875604063,188.1087156111829
1311,724,943,3,5,6.1583767515614385,218.02777202686818
1312,494,1151,3,4,6.210673882567731,233.52863478359328
1313,1007,1284,5,7,6.220530122470881,642.5169958841556
1314,582,1144,2,4,6.223903966597077,216.08653102146116
1315,1126,772,9,9,6.234087842067925,676.159497949017
1316,558,1032,2,3,6.236755452678251,370.5139729708809
1317,689,1479,9,7,6.251429589133906,589.2109992684715
1318,773,1553,3,7,6.268112941955784,445.18498027973345
1319,1069,1402,2,7,6.285563054122006,100.1448170151606
1320,1032,1094,3,4,6.360085386991974,724.9998227969131
1321,340,1156,3,3,6.365543144236867,355.9367043450282
1322,858,1255,3,4,6.370864827721606,267.4957132314875
1323,1121,886,2,5,6.388488265373017,231.90269376400093
1324,575,858,3,5,6.4431825514615735,309.42280494854003
1325,443,670,2,4,6.458142875799922,179.03591643857385
1326,1122,756,9,8,6.469040226124012,648.4364847902212
1327,416,1125,2,5,6.582245086400211,185.0846653111309
1328,1199,960,5,4,6.613136320494197,730.2355670147361
1329,362,807,2,5,6.634396820984121,144.8122347501527
1330,484,937,2,5,6.753326542820649,205.5006040475037
1331,864,748,3,3,6.774329539189934,281.92611017290017
1332,613,1452,9,9,6.783995561041019,695.2046211568057
1333,564,1427,2,7,6.785043310555805,133.95218363281728
1334,742,694,2,4,6.79614803748031,237.66115877208225
1335,1173,814,3,7,6.796908124327321,248.52686809813272
1336,777,1609,3,5,6.809547267341033,579.9940717489178
1337,952,1032,3,7,6.837384635382816,301.5543414267706
1338,1191,1292,2,3,6.850658837607319,599.6323164494685
1339,580,987,2,4,6.951557657804599,196.15501505328777
1340,638,1003,2,3,7.039628563955009,174.2748019572027
1341,514,974,3,5,7.087734411454708,514.6276701547332
1342,796,1148,2,5,7.094888593336946,157.24727850497834
1343,1036,777,2,5,7.130718954248366,194.51611972618963
1344,931,785,2,5,7.144260362779124,285.35131551105366
1345,653,858,2,5,7.1640676976000774,178.1544079038056
1346,776,1407,3,7,7.172967988407325,363.86489212649
1347,546,1376,2,4,7.281472881074805,123.01252618015054
1348,1013,1108,3,4,7.284370829410619,696.4446802929385
1349,673,1459,9,10,7.293314609737455,713.8026557029473
1350,899,1117,3,3,7.358560948315166,591.5328721963716
1351,640,980,2,4,7.363544419431666,220.9143837113273
1352,794,1228,2,4,7.366491546783195,145.1120197085303
1353,1027,1293,3,7,7.374224672639559,291.1943676004435
1354,716,656,3,4,7.392266936917744,527.4856435645113
1355,928,1139,3,5,7.436319486318672,296.318557468141
1356,752,1136,3,4,7.446105012564476,518.62266844231
1357,1081,1601,3,5,7.4818391769892925,539.7531779022293
1358,499,966,3,4,7.5638095851169975,452.32553419952853
1359,580,1083,2,4,7.582977190483208,191.82695743096752
1360,1130,1330,2,7,7.640219416813207,691.249753867748
1361,582,1456,5,2,7.6665277579964775,724.0913806281635
1362,689,1010,3,4,7.786204876143355,264.0996760484361
1363,956,1332,2,5,7.896858699050534,216.10857208948366
1364,575,1501,3,4,7.906093273572488,305.1475024703445
1365,1151,666,2,4,7.933289731850883,250.6828452225818
1366,441,856,3,2,7.991499774615236,352.29893546611174
1367,878,1009,2,4,8.007375858749041,240.57966744695796
1368,1156,1375,2,5,8.05541303232427,228.07619340913246
1369,1028,1118,3,4,8.099303912491855,630.6897334906884
1370,1013,484,2,5,8.140334785599633,221.76332479069262
1371,501,1241,2,5,8.192842354333038,168.07512684478002
1372,532,1250,3,5,8.427662946532182,562.4356244026708
1373,1151,615,2,5,8.59090760103576,244.94267682573314
1374,1186,810,2,5,8.98918927813338,138.3865108631939
1375,1027,1100,5,2,9.018878998337092,730.1969421840932
1376,746,486,2,9,9.033000580665567,724.2103745919874
1377,599,1359,3,5,9.064913722267871,270.161908116637
1378,763,1089,3,5,9.211064400569251,232.60203480886022
1379,896,1416,3,5,9.368167814681632,555.9182328339504
1380,926,1577,2,8,9.38595402391289,699.0743085601765
1381,476,895,2,4,9.516655780535597,294.2344114628486
1382,480,917,3,4,9.56257672675583,210.564284028259
1383,963,1570,2,5,9.910270522699223,251.1417124298993
1384,697,1564,2,7,9.92450377481126,200.83352351304964
1385,1033,632,2,5,10.004574266483695,209.59880658587304
1386,562,1406,2,4,10.916244331821819,288.71982766843166
1387,475,1113,3,2,11.420940817437984,680.9361496723136
1388,594,1341,2,4,11.523266385651707,257.6386223418807
1389,733,1518,2,5,12.017818070811813,746.1484611266492
1390,1017,1119,3,5,12.708527657891008,623.7211903277689
1391,453,996,3,4,12.818011867024303,387.23323927217587
1392,725,1519,2,5,14.55496679857804,350.41076838079937
1393,737,1523,3,7,16.846235929916354,726.1937872680174
1394,758,730,3,7,18.464540277943698,539.0135263583115
1395,1133,1323,9,8,30.89703189190081,148.76936472665614
